DROP TABLE IF EXISTS `PREFIX_ovic_custom_tags_group_lang`;
CREATE TABLE `PREFIX_ovic_custom_tags_group_lang` (
  `groupId` int(10) unsigned NOT NULL,
  `id_lang` int(10) unsigned NOT NULL,
  `id_shop` int(10) unsigned NOT NULL,
  `name` varchar(64) COLLATE utf8_unicode_ci NOT NULL,
  PRIMARY KEY (`groupId`,`id_lang`,`id_shop`)
) ENGINE=InnoDB DEFAULT CHARSET=utf8 COLLATE=utf8_unicode_ci;

INSERT INTO `PREFIX_ovic_custom_tags_group_lang` (`groupId`, `id_lang`, `id_shop`, `name`) VALUES
(1,	1,	1,	'Fashion'),
(1,	2,	1,	'Mode2'),
(2,	1,	1,	'Electronics'),
(2,	2,	1,	''),
(3,	1,	1,	'Furniture'),
(3,	2,	1,	'Meubles'),
(4,	1,	1,	'Food'),
(4,	2,	1,	'Nourriture'),
(5,	1,	1,	'Sports'),
(5,	2,	1,	'sportif'),
(6,	1,	1,	'Jewelry'),
(6,	2,	1,	'Bijoux');

DROP TABLE IF EXISTS `PREFIX_ovic_custom_tags_groups`;
CREATE TABLE `PREFIX_ovic_custom_tags_groups` (
  `id` int(10) unsigned NOT NULL AUTO_INCREMENT,
  `id_shop` int(6) unsigned NOT NULL,
  `position` int(10) unsigned NOT NULL,
  `position_name` varchar(64) COLLATE utf8_unicode_ci NOT NULL,
  `status` tinyint(3) unsigned NOT NULL,
  `ordering` int(10) unsigned NOT NULL,
  `params` varchar(256) COLLATE utf8_unicode_ci NOT NULL,
  PRIMARY KEY (`id`)
) ENGINE=InnoDB DEFAULT CHARSET=utf8 COLLATE=utf8_unicode_ci;

INSERT INTO `PREFIX_ovic_custom_tags_groups` (`id`, `id_shop`, `position`, `position_name`, `status`, `ordering`, `params`) VALUES
(1,	1,	26,	'displayFooter',	1,	1,	'{\"background\":\"#a6cada\",\"color\":\"#FFFFFF\"}'),
(2,	1,	26,	'displayFooter',	1,	3,	'{\"background\":\"#82a3cc\",\"color\":\"#FFFFFF\"}'),
(3,	1,	26,	'displayFooter',	1,	2,	'{\"background\":\"#ffd549\",\"color\":\"#FFF\"}'),
(4,	1,	26,	'displayFooter',	1,	4,	'{\"background\":\"#c75347\",\"color\":\"#FFFFFF\"}'),
(5,	1,	26,	'displayFooter',	1,	5,	'{\"background\":\"#59c6bb\",\"color\":\"#FFFFFF\"}'),
(6,	1,	26,	'displayFooter',	1,	6,	'{\"background\":\"#f59fba\",\"color\":\"#FFFFFF\"}');

DROP TABLE IF EXISTS `PREFIX_ovic_custom_tags_tag_lang`;
CREATE TABLE `PREFIX_ovic_custom_tags_tag_lang` (
  `tagId` int(10) unsigned NOT NULL,
  `id_lang` int(10) unsigned NOT NULL,
  `id_shop` int(10) unsigned NOT NULL,
  `title` varchar(64) COLLATE utf8_unicode_ci NOT NULL,
  `link` varchar(128) COLLATE utf8_unicode_ci NOT NULL,
  PRIMARY KEY (`tagId`,`id_lang`,`id_shop`)
) ENGINE=InnoDB DEFAULT CHARSET=utf8 COLLATE=utf8_unicode_ci;

INSERT INTO `PREFIX_ovic_custom_tags_tag_lang` (`tagId`, `id_lang`, `id_shop`, `title`, `link`) VALUES
(1,	1,	1,	'Shirts',	'#'),
(1,	2,	1,	'Chemises',	'#'),
(2,	1,	1,	'Jeans',	'#'),
(2,	2,	1,	'Jeans',	'#'),
(3,	1,	1,	'Kurtis',	'#'),
(3,	2,	1,	'Kurtis',	'#'),
(4,	1,	1,	'Mobile',	'#'),
(4,	2,	1,	'Mobile',	'#'),
(5,	1,	1,	'Iphone',	'#'),
(5,	2,	1,	'Iphone',	'#'),
(6,	1,	1,	'Lumia',	'#'),
(6,	2,	1,	'Lumia',	'#'),
(7,	1,	1,	'Living rooms',	'#'),
(7,	2,	1,	'Salons',	'#'),
(8,	1,	1,	'Sofa & couches',	'#'),
(8,	2,	1,	'Canap',	'#'),
(9,	1,	1,	'Beds',	'#'),
(9,	2,	1,	'Lits',	'#'),
(10,	1,	1,	'Chair',	'#'),
(10,	2,	1,	' Chaise',	'#'),
(11,	1,	1,	'Coffee Table',	'#'),
(11,	2,	1,	'Table ',	'#'),
(12,	1,	1,	'Small Bench',	'#'),
(12,	2,	1,	'Petit Banc',	'#'),
(13,	1,	1,	'Kitchen & Dining Room',	'#'),
(13,	2,	1,	'Cuisine et salle ',	'#'),
(14,	1,	1,	'Wayfarer',	'#'),
(14,	2,	1,	'Voyageur',	'#'),
(15,	1,	1,	'Library',	'#'),
(15,	2,	1,	'Biblioth',	'#'),
(16,	1,	1,	'Round',	'#'),
(16,	2,	1,	'Tour',	'#'),
(17,	1,	1,	'Shield-Oval',	'#'),
(17,	2,	1,	'Bouclier-ovale',	'#'),
(18,	1,	1,	'View all',	'#'),
(18,	2,	1,	'Voir tous',	'#'),
(20,	1,	1,	'Sarees',	'#'),
(20,	2,	1,	'Saris',	'#'),
(21,	1,	1,	'Levis Jeans',	'#'),
(21,	2,	1,	'Jeans Levis',	'#'),
(22,	1,	1,	'Killer Jeans',	'#'),
(22,	2,	1,	'Jeans Tueuses',	'#'),
(23,	1,	1,	'Pepe Jeans',	'#'),
(23,	2,	1,	'Jeans Pepe ',	'#'),
(24,	1,	1,	'Arrow Shirts',	'#'),
(24,	2,	1,	' Fl',	'#'),
(25,	1,	1,	'Ethnic Wear',	'#'),
(25,	2,	1,	'Usure Ethnique',	'#'),
(26,	1,	1,	'Formal Shirts',	'#'),
(26,	2,	1,	'Chemises Formelles',	'#'),
(27,	1,	1,	'Peter England Shirts',	'#'),
(27,	2,	1,	'Peter Angleterre Shirts',	'#'),
(28,	1,	1,	'View all',	'#'),
(28,	2,	1,	'Voir Tous',	'#'),
(29,	1,	1,	'Laptop',	'#'),
(29,	2,	1,	'Laptop',	'#'),
(30,	1,	1,	'XPS Dell',	'#'),
(30,	2,	1,	'XPS Dell',	'#'),
(31,	1,	1,	'Macbook',	'#'),
(31,	2,	1,	'Macbook',	'#'),
(32,	1,	1,	'Samsung',	'#'),
(32,	2,	1,	'Samsung',	'#'),
(33,	1,	1,	'Sony',	'#'),
(33,	2,	1,	'Sony',	'#'),
(34,	1,	1,	'Acer',	'#'),
(34,	2,	1,	'Acer',	'#'),
(36,	1,	1,	'Tablets',	'#'),
(36,	2,	1,	'Comprim',	''),
(37,	1,	1,	'Apple',	'#'),
(37,	2,	1,	' Pommes',	'#'),
(38,	1,	1,	'Samsung',	'#'),
(38,	2,	1,	'Samsung',	'#'),
(39,	1,	1,	'Sony',	'#'),
(39,	2,	1,	'Sony',	'#'),
(40,	1,	1,	'View all',	'#'),
(40,	2,	1,	'Voir Tous',	'#'),
(41,	1,	1,	'Food Blogs',	'#'),
(41,	2,	1,	'Alimentation Blogs',	'#'),
(42,	1,	1,	'Foodies',	'#'),
(42,	2,	1,	'Foodies',	'#'),
(43,	1,	1,	'Food Culture',	'#'),
(43,	2,	1,	'Food Culture',	'#'),
(44,	1,	1,	'Hashtag',	'#'),
(44,	2,	1,	'Hashtag',	'#'),
(45,	1,	1,	'Food Porn',	'#'),
(45,	2,	1,	'Porn alimentaire',	'#'),
(46,	1,	1,	'Pizza',	'#'),
(46,	2,	1,	'Pizza',	'#'),
(47,	1,	1,	'BBQ',	'#'),
(47,	2,	1,	'BBQ',	'#'),
(48,	1,	1,	'Salad',	'#'),
(48,	2,	1,	'Salade',	'#'),
(49,	1,	1,	'Socola',	'#'),
(49,	2,	1,	'Socola',	'#'),
(50,	1,	1,	'Pate',	'#'),
(50,	2,	1,	'Cr',	'#'),
(51,	1,	1,	'Doner',	'#'),
(51,	2,	1,	'Doner',	'#'),
(52,	1,	1,	'View all',	'#'),
(52,	2,	1,	'Voir tous',	'#'),
(53,	1,	1,	'Football',	'#'),
(53,	2,	1,	'Football',	'#'),
(54,	1,	1,	'Bikes',	'#'),
(54,	2,	1,	'V',	'#'),
(55,	1,	1,	'Golf',	'@'),
(55,	2,	1,	'Golf',	'#'),
(56,	1,	1,	'Tennis',	'#'),
(56,	2,	1,	'Tennis',	'#'),
(57,	1,	1,	'Karatedor',	'#'),
(57,	2,	1,	'Karatedor',	'#'),
(58,	1,	1,	'Yoga',	'#'),
(58,	2,	1,	'Yoga',	'#'),
(59,	1,	1,	'Pencatsilat',	'#'),
(59,	2,	1,	'Pencatsilat',	'#'),
(60,	1,	1,	'Wushu',	'#'),
(60,	2,	1,	'Wushu',	'#'),
(61,	1,	1,	'Runmeters',	'#'),
(61,	2,	1,	'Runmeters',	'#'),
(62,	1,	1,	'Boxing',	'#'),
(62,	2,	1,	'Boxe',	'#'),
(63,	1,	1,	'Bowling',	'#'),
(63,	2,	1,	'Bowling',	'#'),
(64,	1,	1,	'Gymnastics',	'#'),
(64,	2,	1,	'Gymnastique',	'#'),
(65,	1,	1,	'Olympic',	'#'),
(65,	2,	1,	'Olympique',	'#'),
(66,	1,	1,	'View all',	'#'),
(66,	2,	1,	'Voir tous',	'#'),
(67,	1,	1,	'Australian Opal',	'#'),
(67,	2,	1,	'Opale australienne',	'#'),
(68,	1,	1,	'Ammolite',	'#'),
(68,	2,	1,	'Ammolite',	'#'),
(70,	1,	1,	'Meteorite Campo Del Cielo',	'#'),
(70,	2,	1,	'M',	'#'),
(71,	1,	1,	'Sun Pyrite',	'#'),
(71,	2,	1,	'Sun Pyrite',	'#'),
(72,	1,	1,	'Faceted Carnelian',	'#'),
(72,	2,	1,	'Facettes cornaline',	'#'),
(73,	1,	1,	'Round',	'#'),
(73,	2,	1,	'Tour',	'#'),
(74,	1,	1,	'View all',	'#'),
(74,	2,	1,	'Voir tous',	'#');

DROP TABLE IF EXISTS `PREFIX_ovic_custom_tags_tags`;
CREATE TABLE `PREFIX_ovic_custom_tags_tags` (
  `id` int(10) unsigned NOT NULL AUTO_INCREMENT,
  `groupId` int(10) unsigned NOT NULL,
  `status` tinyint(3) unsigned NOT NULL,
  `ordering` int(10) unsigned NOT NULL,
  PRIMARY KEY (`id`)
) ENGINE=InnoDB DEFAULT CHARSET=utf8 COLLATE=utf8_unicode_ci;

INSERT INTO `PREFIX_ovic_custom_tags_tags` (`id`, `groupId`, `status`, `ordering`) VALUES
(1,	1,	1,	1),
(2,	1,	1,	2),
(3,	1,	1,	3),
(4,	2,	1,	1),
(5,	2,	1,	2),
(6,	2,	1,	3),
(7,	3,	1,	1),
(8,	3,	1,	2),
(9,	3,	1,	3),
(10,	3,	1,	4),
(11,	3,	1,	5),
(12,	3,	1,	6),
(13,	3,	1,	7),
(14,	3,	1,	8),
(15,	3,	1,	9),
(16,	3,	1,	10),
(17,	3,	1,	11),
(18,	3,	1,	12),
(20,	1,	1,	4),
(21,	1,	1,	5),
(22,	1,	1,	6),
(23,	1,	1,	7),
(24,	1,	1,	8),
(25,	1,	1,	9),
(26,	1,	1,	10),
(27,	1,	1,	11),
(28,	1,	1,	12),
(29,	2,	1,	4),
(30,	2,	1,	5),
(31,	2,	1,	6),
(32,	2,	1,	7),
(33,	2,	1,	8),
(34,	2,	1,	9),
(36,	2,	1,	10),
(37,	2,	1,	11),
(38,	2,	1,	12),
(39,	2,	1,	13),
(40,	2,	1,	14),
(41,	4,	1,	1),
(42,	4,	1,	2),
(43,	4,	1,	3),
(44,	4,	1,	4),
(45,	4,	1,	5),
(46,	4,	1,	6),
(47,	4,	1,	7),
(48,	4,	1,	8),
(49,	4,	1,	9),
(50,	4,	1,	10),
(51,	4,	1,	11),
(52,	4,	1,	12),
(53,	5,	1,	1),
(54,	5,	1,	2),
(55,	5,	1,	3),
(56,	5,	1,	4),
(57,	5,	1,	5),
(58,	5,	1,	6),
(59,	5,	1,	7),
(60,	5,	1,	8),
(61,	5,	1,	9),
(62,	5,	1,	10),
(63,	5,	1,	11),
(64,	5,	1,	12),
(65,	5,	1,	13),
(66,	5,	1,	14),
(67,	6,	1,	1),
(68,	6,	1,	2),
(70,	6,	1,	4),
(71,	6,	1,	5),
(72,	6,	1,	6),
(73,	6,	1,	7),
(74,	6,	1,	8),
(75,	8,	1,	1),
(76,	8,	1,	2);